DATE,District 1,District 2,District 3,District 4,District 5,District 6,District 7,District 8,District 9,District 10,District 11,District 12,USPHCI
4/1/1979,46.36,56.06,58.01,62.39,45.99,43.72,62.04,57.22,51.00,50.12,40.48,40.51,46.14
5/1/1979,46.59,56.19,58.16,62.51,46.13,43.86,62.17,57.30,51.16,50.27,40.64,40.67,46.37
6/1/1979,46.80,56.29,58.29,62.59,46.23,43.97,62.20,57.33,51.26,50.36,40.79,40.85,46.50
7/1/1979,46.90,56.28,58.31,62.52,46.33,44.00,62.11,57.24,51.27,50.43,40.95,41.00,46.62
8/1/1979,47.11,56.35,58.30,62.51,46.36,44.14,61.91,57.20,51.27,50.51,41.11,41.08,46.68
9/1/1979,47.21,56.36,58.33,62.49,46.43,44.24,61.64,57.10,51.23,50.54,41.24,41.18,46.78
10/1/1979,47.31,56.40,58.40,62.52,46.50,44.45,61.38,57.00,51.23,50.67,41.46,41.29,46.87
11/1/1979,47.43,56.52,58.51,62.54,46.57,44.62,61.11,56.94,51.12,50.78,41.64,41.45,46.99
12/1/1979,47.54,56.72,58.62,62.49,46.63,44.70,60.88,56.83,50.96,50.82,41.75,41.54,47.05
1/1/1980,47.63,56.85,58.61,62.33,46.69,44.79,60.53,56.69,50.81,50.85,41.90,41.55,47.09
2/1/1980,47.70,56.96,58.51,62.01,46.60,44.88,60.02,56.40,50.61,50.82,41.93,41.58,47.19
3/1/1980,47.52,56.88,58.32,61.49,46.41,44.82,59.35,56.03,50.31,50.61,42.00,41.50,47.26
4/1/1980,47.39,56.66,57.90,60.77,46.22,44.74,58.54,55.57,49.97,50.39,42.13,41.36,47.16
5/1/1980,47.18,56.64,57.56,60.07,46.06,44.68,57.81,55.18,49.66,50.17,42.18,41.25,47.02
6/1/1980,46.96,56.55,57.17,59.44,45.81,44.61,57.18,54.76,49.36,49.83,42.27,41.13,46.92
7/1/1980,46.95,56.59,56.90,59.01,45.70,44.66,56.84,54.51,49.22,49.70,42.45,41.09,46.82
8/1/1980,47.05,56.66,56.94,58.94,45.79,44.74,56.80,54.50,49.20,49.75,42.60,41.17,46.90
9/1/1980,47.18,56.75,56.96,59.06,45.94,44.86,56.91,54.55,49.36,49.93,42.78,41.32,46.99
10/1/1980,47.45,56.98,57.38,59.29,46.09,44.98,57.20,54.69,49.55,50.14,42.98,41.48,47.11
11/1/1980,47.61,57.08,57.54,59.51,46.21,45.06,57.46,54.83,49.80,50.37,43.20,41.65,47.23
12/1/1980,47.75,57.18,57.84,59.68,46.38,45.16,57.71,54.97,50.04,50.59,43.35,41.79,47.42
1/1/1981,47.91,57.19,57.96,59.75,46.43,45.23,57.90,55.12,50.21,50.85,43.54,41.92,47.47
2/1/1981,47.95,57.29,58.09,59.83,46.50,45.26,58.02,55.23,50.29,51.08,43.73,42.00,47.62
3/1/1981,48.05,57.37,58.19,59.98,46.55,45.32,58.24,55.32,50.53,51.22,43.91,42.08,47.70
4/1/1981,48.10,57.51,58.16,60.01,46.57,45.40,58.45,55.43,50.67,51.45,44.10,42.20,47.83
5/1/1981,48.20,57.66,58.21,60.06,46.64,45.44,58.58,55.52,50.82,51.65,44.27,42.33,47.83
6/1/1981,48.21,57.85,58.36,60.15,46.69,45.50,58.72,55.60,50.89,51.80,44.49,42.37,47.97
7/1/1981,48.22,58.00,58.48,60.06,46.70,45.53,58.66,55.55,50.96,51.97,44.71,42.39,48.11
8/1/1981,48.11,58.08,58.38,59.82,46.69,45.49,58.55,55.51,50.89,52.05,44.89,42.39,48.12
9/1/1981,48.06,58.15,58.15,59.48,46.63,45.47,58.26,55.41,50.73,52.04,45.01,42.25,48.14
10/1/1981,47.90,58.00,57.94,59.07,46.40,45.38,57.97,55.19,50.51,51.97,45.19,42.10,48.09
11/1/1981,47.71,57.92,57.57,58.58,46.24,45.24,57.45,54.90,50.28,51.85,45.30,41.91,48.02
12/1/1981,47.53,57.73,57.24,58.19,46.05,45.13,57.01,54.66,50.07,51.78,45.41,41.76,47.96
1/1/1982,47.31,57.56,56.91,57.84,45.87,45.04,56.61,54.41,49.79,51.69,45.49,41.61,47.87
2/1/1982,47.25,57.51,56.71,57.52,45.82,45.00,56.22,54.26,49.59,51.60,45.55,41.48,47.84
3/1/1982,47.19,57.46,56.51,57.27,45.74,44.99,55.93,54.17,49.27,51.49,45.60,41.41,47.80
4/1/1982,47.12,57.41,56.34,57.01,45.72,44.97,55.67,54.08,49.00,51.33,45.62,41.28,47.70
5/1/1982,47.07,57.50,56.26,56.85,45.69,44.91,55.53,54.01,48.75,51.15,45.57,41.22,47.70
6/1/1982,47.10,57.48,56.06,56.61,45.66,44.87,55.33,53.89,48.48,50.91,45.56,41.17,47.61
7/1/1982,47.16,57.45,55.84,56.35,45.65,44.84,55.10,53.76,48.23,50.68,45.50,41.10,47.51
8/1/1982,47.12,57.32,55.60,56.02,45.62,44.80,54.83,53.60,48.03,50.47,45.48,41.03,47.50
9/1/1982,47.10,57.16,55.32,55.68,45.58,44.71,54.49,53.42,47.85,50.25,45.33,40.98,47.40
10/1/1982,47.11,57.00,55.01,55.34,45.51,44.63,54.13,53.19,47.64,50.05,45.18,40.92,47.29
11/1/1982,47.16,56.86,54.75,54.99,45.49,44.57,53.93,53.02,47.51,49.90,45.09,40.88,47.20
12/1/1982,47.24,56.82,54.60,54.86,45.52,44.61,53.89,52.96,47.53,49.88,45.11,40.91,47.24
1/1/1983,47.36,56.84,54.54,54.89,45.67,44.65,53.95,52.94,47.62,49.88,45.13,41.03,47.38
2/1/1983,47.60,57.01,54.62,55.02,45.87,44.74,54.19,52.99,47.79,49.94,45.14,41.19,47.40
3/1/1983,47.97,57.16,54.78,55.20,46.15,44.93,54.52,53.13,48.07,50.08,45.18,41.44,47.53
4/1/1983,48.34,57.41,55.15,55.58,46.49,45.16,54.96,53.34,48.37,50.29,45.24,41.79,47.68
5/1/1983,48.75,57.64,55.52,55.99,46.83,45.38,55.40,53.58,48.75,50.61,45.34,42.06,47.85
6/1/1983,49.27,57.99,55.93,56.40,47.22,45.61,55.85,53.84,49.23,50.94,45.50,42.42,48.03
7/1/1983,49.70,58.37,56.39,56.97,47.65,45.89,56.40,54.14,49.67,51.27,45.69,42.73,48.37
8/1/1983,50.09,58.68,56.75,57.43,47.94,46.10,56.90,54.47,50.03,51.60,45.82,43.05,48.35
9/1/1983,50.61,59.14,57.27,58.09,48.41,46.53,57.53,55.02,50.50,52.01,46.10,43.40,48.81
10/1/1983,51.01,59.49,57.73,58.62,48.75,46.84,58.01,55.38,50.92,52.27,46.30,43.78,49.07
11/1/1983,51.44,59.97,58.22,59.13,49.13,47.18,58.57,55.82,51.26,52.59,46.56,44.14,49.34
12/1/1983,51.87,60.36,58.61,59.59,49.50,47.52,59.09,56.25,51.65,52.83,46.80,44.43,49.62
1/1/1984,52.34,60.73,59.04,60.00,49.88,47.85,59.47,56.64,52.01,53.13,47.04,44.70,49.92
2/1/1984,52.78,60.99,59.35,60.46,50.20,48.16,59.88,57.07,52.31,53.43,47.33,45.00,50.21
3/1/1984,53.21,61.33,59.73,60.72,50.48,48.45,60.19,57.42,52.67,53.70,47.56,45.24,50.45
4/1/1984,53.62,61.59,59.93,61.03,50.67,48.66,60.53,57.77,52.96,53.90,47.87,45.46,50.70
5/1/1984,53.93,61.72,60.16,61.36,50.88,48.90,60.84,58.12,53.06,54.13,48.11,45.69,50.99
6/1/1984,54.35,61.85,60.29,61.61,51.05,49.13,61.13,58.43,53.27,54.32,48.32,45.90,51.27
7/1/1984,54.65,61.87,60.54,61.88,51.22,49.30,61.36,58.60,53.45,54.41,48.49,46.07,51.42
8/1/1984,54.94,62.06,60.66,62.11,51.38,49.49,61.50,58.89,53.68,54.62,48.68,46.27,51.64
9/1/1984,55.09,62.22,60.90,62.33,51.50,49.66,61.60,59.09,53.80,54.73,48.82,46.38,51.90
10/1/1984,55.36,62.45,61.14,62.50,51.66,49.78,61.77,59.28,54.03,54.87,48.96,46.55,52.08
11/1/1984,55.63,62.68,61.39,62.64,51.83,50.00,61.90,59.42,54.19,54.97,49.05,46.67,52.34
12/1/1984,55.88,62.92,61.65,62.88,51.98,50.15,62.00,59.56,54.26,55.01,49.17,46.84,52.47
1/1/1985,55.99,63.14,61.82,63.04,52.18,50.28,62.34,59.68,54.33,55.03,49.29,47.03,52.66
2/1/1985,56.09,63.26,61.93,63.12,52.35,50.39,62.38,59.73,54.47,55.04,49.30,47.17,52.83
3/1/1985,56.22,63.35,62.15,63.30,52.52,50.58,62.56,59.88,54.55,55.11,49.44,47.29,53.04
4/1/1985,56.36,63.53,62.30,63.43,52.69,50.72,62.62,59.98,54.65,55.16,49.55,47.42,53.19
5/1/1985,56.49,63.69,62.45,63.56,52.81,50.87,62.75,60.08,54.67,55.24,49.67,47.55,53.40
6/1/1985,56.63,63.88,62.68,63.56,52.93,51.00,62.80,60.21,54.73,55.34,49.71,47.68,53.51
7/1/1985,56.76,64.02,62.88,63.59,53.04,51.17,62.88,60.35,54.74,55.38,49.79,47.83,53.68
8/1/1985,56.90,64.28,63.07,63.69,53.30,51.35,63.06,60.47,54.84,55.49,49.90,48.04,53.89
9/1/1985,57.17,64.34,63.39,63.94,53.56,51.55,63.36,60.63,54.92,55.55,49.93,48.25,54.05
10/1/1985,57.35,64.55,63.60,64.14,53.82,51.68,63.63,60.78,54.98,55.63,50.07,48.45,54.21
11/1/1985,57.60,64.69,63.83,64.39,54.09,51.84,63.94,60.95,55.11,55.69,50.14,48.64,54.39
12/1/1985,57.78,64.79,63.97,64.70,54.29,51.95,64.22,61.09,55.17,55.67,50.15,48.79,54.54
1/1/1986,57.91,64.78,64.14,64.93,54.40,52.06,64.43,61.25,55.36,55.76,50.30,48.92,54.75
2/1/1986,58.02,64.77,64.20,65.00,54.54,52.13,64.50,61.34,55.42,55.66,50.25,49.03,54.78
3/1/1986,58.13,64.90,64.41,65.21,54.66,52.15,64.59,61.43,55.61,55.63,50.25,49.14,54.92
4/1/1986,58.25,65.00,64.54,65.36,54.78,52.22,64.74,61.47,55.70,55.58,50.10,49.24,55.09
5/1/1986,58.24,65.13,64.89,65.49,54.96,52.31,64.87,61.59,56.01,55.55,49.99,49.36,55.20
6/1/1986,58.37,65.33,65.11,65.61,55.11,52.40,65.09,61.68,56.25,55.54,49.88,49.54,55.29
7/1/1986,58.48,65.72,65.34,65.75,55.31,52.52,65.35,61.85,56.51,55.53,49.85,49.68,55.51
8/1/1986,58.71,66.09,65.79,66.01,55.50,52.67,65.63,62.00,56.78,55.58,49.82,49.88,55.65
9/1/1986,58.84,66.46,66.05,66.25,55.65,52.84,65.96,62.15,57.05,55.68,49.82,50.02,55.84
10/1/1986,59.09,66.75,66.43,66.41,55.86,53.01,66.24,62.34,57.29,55.84,49.81,50.23,56.01
11/1/1986,59.21,67.09,66.68,66.63,56.02,53.15,66.49,62.49,57.43,55.92,49.83,50.38,56.18
12/1/1986,59.37,67.34,66.96,66.90,56.25,53.34,66.65,62.63,57.47,56.06,49.85,50.58,56.41
1/1/1987,59.68,67.72,67.39,67.14,56.52,53.54,66.86,62.79,57.68,56.21,50.04,50.81,56.56
2/1/1987,59.97,67.95,67.63,67.50,56.68,53.77,67.04,62.97,57.85,56.36,50.11,51.04,56.73
3/1/1987,60.26,68.21,67.92,67.76,56.96,53.97,67.18,63.15,58.02,56.55,50.23,51.28,56.92
4/1/1987,60.58,68.56,68.23,68.12,57.26,54.25,67.32,63.41,58.30,56.74,50.36,51.60,57.20
5/1/1987,60.88,68.80,68.39,68.36,57.52,54.50,67.51,63.63,58.46,56.96,50.45,51.85,57.37
6/1/1987,61.20,69.03,68.65,68.70,57.80,54.71,67.75,63.91,58.59,57.18,50.55,52.10,57.57
7/1/1987,61.53,69.19,68.85,69.05,58.06,55.00,68.04,64.20,58.84,57.46,50.76,52.35,57.79
8/1/1987,61.69,69.31,69.00,69.39,58.27,55.16,68.25,64.50,58.98,57.69,50.86,52.57,57.98
9/1/1987,61.98,69.51,69.23,69.75,58.44,55.34,68.48,64.76,59.21,57.89,51.11,52.74,58.18
10/1/1987,62.16,69.71,69.47,70.07,58.62,55.56,68.82,65.08,59.51,58.11,51.27,52.98,58.41
11/1/1987,62.34,69.93,69.62,70.31,58.79,55.76,68.99,65.33,59.78,58.31,51.45,53.16,58.66
12/1/1987,62.54,70.20,69.88,70.53,58.99,55.97,69.23,65.64,60.19,58.51,51.63,53.41,58.90
1/1/1988,62.60,70.40,70.06,70.59,59.15,56.11,69.43,65.80,60.45,58.69,51.74,53.57,59.05
2/1/1988,62.80,70.76,70.27,70.81,59.40,56.31,69.67,66.06,60.80,58.90,51.93,53.84,59.31
3/1/1988,62.99,71.08,70.57,71.00,59.62,56.48,70.00,66.25,61.10,59.11,52.11,53.99,59.54
4/1/1988,63.15,71.18,70.79,71.34,59.82,56.68,70.27,66.36,61.28,59.23,52.27,54.15,59.80
5/1/1988,63.27,71.27,70.92,71.55,59.98,56.83,70.55,66.44,61.44,59.36,52.47,54.30,59.96
6/1/1988,63.27,71.26,71.19,71.84,60.16,57.01,70.88,66.59,61.63,59.51,52.69,54.48,60.25
7/1/1988,63.42,71.27,71.38,72.00,60.37,57.18,71.09,66.77,61.80,59.65,52.86,54.64,60.44
8/1/1988,63.53,71.26,71.53,72.19,60.55,57.23,71.25,66.88,61.96,59.84,53.02,54.80,60.57
9/1/1988,63.52,71.21,71.59,72.36,60.73,57.41,71.47,67.07,62.14,60.01,53.20,54.98,60.83
10/1/1988,63.68,71.33,71.80,72.62,60.90,57.53,71.66,67.26,62.33,60.14,53.33,55.24,61.03
11/1/1988,63.73,71.36,72.05,72.91,61.13,57.76,72.05,67.54,62.54,60.36,53.52,55.45,61.28
12/1/1988,63.90,71.48,72.30,73.21,61.39,57.87,72.38,67.81,62.85,60.60,53.71,55.72,61.49
1/1/1989,64.07,71.63,72.49,73.60,61.67,58.03,72.74,68.07,63.05,60.85,53.84,55.97,61.66
2/1/1989,64.09,71.61,72.75,73.90,61.85,58.26,73.04,68.34,63.21,61.07,53.97,56.15,61.93
3/1/1989,64.07,71.70,72.88,74.11,61.99,58.37,73.24,68.62,63.37,61.30,54.16,56.33,62.16
4/1/1989,64.02,71.66,72.95,74.16,62.12,58.53,73.43,68.80,63.40,61.52,54.31,56.48,62.27
5/1/1989,63.94,71.73,72.93,74.22,62.25,58.67,73.50,68.95,63.54,61.64,54.47,56.64,62.44
6/1/1989,63.76,71.70,73.03,74.28,62.37,58.84,73.44,69.11,63.69,61.79,54.65,56.74,62.54
7/1/1989,63.54,71.62,72.98,74.27,62.48,59.00,73.33,69.20,63.66,61.93,54.77,56.91,62.67
8/1/1989,63.45,71.56,72.97,74.20,62.60,59.14,73.29,69.33,63.78,62.01,54.93,57.03,62.77
9/1/1989,63.23,71.52,73.09,74.21,62.71,59.34,73.20,69.45,63.91,62.16,55.08,57.18,62.91
10/1/1989,63.03,71.57,72.99,74.18,62.86,59.49,73.19,69.53,63.98,62.35,55.27,57.35,63.04
11/1/1989,63.00,71.56,73.10,74.21,63.05,59.63,73.22,69.67,64.17,62.55,55.49,57.54,63.19
12/1/1989,62.84,71.67,73.05,74.30,63.25,59.82,73.43,69.85,64.35,62.75,55.71,57.74,63.33
1/1/1990,62.65,71.83,73.26,74.41,63.49,60.07,73.51,70.05,64.45,62.99,56.10,58.01,63.53
2/1/1990,62.62,72.02,73.36,74.68,63.69,60.25,73.80,70.17,64.62,63.22,56.32,58.15,63.73
3/1/1990,62.45,72.15,73.48,75.03,63.83,60.37,74.09,70.41,64.78,63.44,56.56,58.31,63.92
4/1/1990,62.26,72.28,73.48,75.25,63.86,60.46,74.22,70.49,64.97,63.64,56.78,58.43,64.00
5/1/1990,62.06,72.40,73.56,75.36,63.88,60.58,74.34,70.63,65.05,63.81,56.99,58.51,64.16
6/1/1990,61.97,72.33,73.50,75.43,63.84,60.64,74.43,70.66,65.14,63.92,57.17,58.60,64.32
7/1/1990,61.63,72.35,73.42,75.47,63.71,60.66,74.45,70.66,65.14,63.92,57.34,58.61,64.34
8/1/1990,61.40,72.19,73.34,75.41,63.60,60.69,74.40,70.60,65.17,63.98,57.45,58.60,64.33
9/1/1990,61.06,71.93,72.90,75.39,63.51,60.65,74.34,70.52,65.11,63.96,57.62,58.59,64.33
10/1/1990,60.68,71.65,72.52,75.13,63.33,60.63,74.17,70.36,65.14,63.92,57.75,58.50,64.36
11/1/1990,60.31,71.43,72.25,74.94,63.15,60.57,73.99,70.21,65.10,63.96,57.85,58.40,64.31
12/1/1990,59.91,71.08,71.98,74.68,62.98,60.55,73.81,70.08,65.00,63.96,57.89,58.34,64.29
1/1/1991,59.51,70.80,71.77,74.39,62.76,60.54,73.66,69.92,64.91,64.00,57.93,58.31,64.28
2/1/1991,59.23,70.47,71.49,74.18,62.60,60.50,73.38,69.86,64.81,64.10,58.04,58.17,64.19
3/1/1991,58.88,70.13,71.30,74.02,62.54,60.51,73.20,69.81,64.84,64.16,58.13,58.11,64.12
4/1/1991,58.69,69.94,71.17,74.04,62.55,60.53,73.21,69.91,64.87,64.32,58.21,58.17,64.08
5/1/1991,58.65,69.90,71.21,74.07,62.63,60.64,73.27,70.04,65.11,64.47,58.34,58.20,64.05
6/1/1991,58.65,69.86,71.36,74.20,62.73,60.74,73.38,70.21,65.30,64.65,58.49,58.31,64.09
7/1/1991,58.67,69.87,71.36,74.41,62.86,60.83,73.52,70.45,65.61,64.86,58.56,58.37,64.16
8/1/1991,58.80,69.96,71.56,74.63,62.96,60.91,73.56,70.65,65.91,65.05,58.66,58.46,64.19
9/1/1991,58.88,69.92,71.55,74.74,63.04,61.00,73.54,70.79,66.05,65.22,58.85,58.49,64.27
10/1/1991,58.98,69.85,71.53,74.70,63.04,61.06,73.53,70.93,66.21,65.33,58.94,58.50,64.33
11/1/1991,59.04,69.67,71.49,74.68,63.03,61.12,73.41,70.98,66.29,65.38,59.02,58.49,64.39
12/1/1991,59.11,69.42,71.30,74.58,62.96,61.14,73.29,71.11,66.44,65.50,59.10,58.41,64.38
1/1/1992,59.32,69.24,71.27,74.47,62.99,61.28,73.34,71.27,66.65,65.62,59.20,58.36,64.49
2/1/1992,59.42,69.05,71.27,74.37,63.00,61.24,73.46,71.40,66.79,65.68,59.30,58.30,64.51
3/1/1992,59.53,68.97,71.17,74.22,63.14,61.36,73.56,71.54,66.94,65.74,59.40,58.38,64.64
4/1/1992,59.78,68.81,71.24,74.22,63.28,61.48,73.73,71.71,67.09,65.86,59.56,58.38,64.77
5/1/1992,59.94,68.71,71.28,74.25,63.47,61.67,73.98,71.90,67.28,66.02,59.68,58.45,64.85
6/1/1992,60.09,68.77,71.37,74.32,63.68,61.83,74.16,72.11,67.27,66.15,59.82,58.43,64.95
7/1/1992,60.36,68.74,71.37,74.40,63.87,62.02,74.48,72.32,67.44,66.29,60.01,58.50,65.11
8/1/1992,60.50,68.82,71.46,74.48,64.08,62.22,74.83,72.54,67.59,66.49,60.13,58.54,65.27
9/1/1992,60.77,68.91,71.62,74.67,64.26,62.39,75.12,72.70,67.73,66.66,60.29,58.60,65.37
10/1/1992,61.07,69.16,71.87,74.95,64.49,62.67,75.49,72.98,68.05,66.90,60.51,58.69,65.60
11/1/1992,61.48,69.39,72.10,75.18,64.72,62.94,75.92,73.14,68.26,67.09,60.73,58.81,65.69
12/1/1992,61.76,69.65,72.32,75.33,64.94,63.15,76.21,73.32,68.46,67.16,60.89,58.94,65.88
1/1/1993,62.10,70.08,72.55,75.64,65.18,63.38,76.47,73.44,68.68,67.33,61.09,59.12,66.08
2/1/1993,62.53,70.34,72.86,75.91,65.39,63.63,76.57,73.60,68.87,67.46,61.36,59.34,66.34
3/1/1993,62.98,70.63,72.97,76.15,65.47,63.83,76.63,73.70,69.03,67.64,61.54,59.51,66.44
4/1/1993,63.46,70.94,73.19,76.39,65.70,64.13,76.84,73.86,69.19,67.78,61.74,59.76,66.61
5/1/1993,63.90,71.23,73.33,76.66,65.92,64.36,76.99,74.06,69.40,67.96,61.92,59.96,66.79
6/1/1993,64.23,71.53,73.47,76.93,66.10,64.59,77.14,74.29,69.68,68.18,62.12,60.15,67.00
7/1/1993,64.56,71.72,73.67,77.20,66.39,64.86,77.49,74.62,69.87,68.38,62.41,60.43,67.23
8/1/1993,65.02,71.85,73.90,77.40,66.63,65.10,77.75,74.87,70.18,68.63,62.60,60.63,67.43
9/1/1993,65.33,71.96,74.13,77.60,66.91,65.28,78.07,75.19,70.49,68.88,62.80,60.87,67.65
10/1/1993,65.65,72.12,74.28,77.76,67.20,65.63,78.35,75.54,70.88,69.14,62.98,61.07,67.80
11/1/1993,65.97,72.38,74.52,78.03,67.40,65.83,78.58,75.79,71.09,69.36,63.17,61.31,68.06
12/1/1993,66.14,72.53,74.66,78.22,67.65,66.08,78.84,76.09,71.29,69.53,63.41,61.53,68.33
1/1/1994,66.48,72.71,74.70,78.40,67.82,66.30,79.16,76.36,71.55,69.77,63.58,61.70,68.51
2/1/1994,66.68,72.96,74.90,78.69,68.06,66.51,79.52,76.61,71.93,70.03,63.74,61.95,68.72
3/1/1994,67.00,73.21,75.04,78.89,68.35,66.83,80.00,77.00,72.32,70.27,64.00,62.22,69.02
4/1/1994,67.35,73.51,75.38,79.15,68.64,67.12,80.35,77.29,72.79,70.56,64.27,62.47,69.30
5/1/1994,67.69,73.92,75.62,79.56,68.92,67.40,80.82,77.66,73.18,70.93,64.51,62.74,69.62
6/1/1994,67.89,74.19,75.95,79.87,69.25,67.67,81.19,77.98,73.52,71.20,64.74,63.09,69.88
7/1/1994,68.21,74.62,76.23,80.25,69.50,68.01,81.50,78.22,73.73,71.49,65.12,63.37,70.14
8/1/1994,68.56,74.91,76.56,80.65,69.79,68.25,81.81,78.41,73.91,71.72,65.39,63.66,70.43
9/1/1994,68.76,75.12,76.74,81.07,70.09,68.53,82.11,78.62,74.08,71.92,65.61,63.94,70.71
10/1/1994,69.10,75.42,77.04,81.61,70.36,68.77,82.41,78.82,74.35,72.14,65.87,64.27,70.94
11/1/1994,69.49,75.84,77.44,82.08,70.71,69.19,82.85,79.06,74.63,72.47,66.17,64.66,71.27
12/1/1994,69.83,76.12,77.72,82.55,71.05,69.39,83.22,79.32,74.95,72.71,66.46,64.96,71.54
1/1/1995,70.16,76.29,77.97,82.83,71.33,69.64,83.44,79.48,75.15,72.96,66.65,65.22,71.77
2/1/1995,70.49,76.38,78.08,82.97,71.50,69.84,83.61,79.62,75.35,73.16,66.87,65.44,72.04
3/1/1995,70.65,76.51,78.14,83.11,71.67,70.02,83.66,79.75,75.49,73.35,67.10,65.60,72.26
4/1/1995,70.78,76.47,78.10,82.98,71.79,70.12,83.56,79.77,75.62,73.48,67.22,65.75,72.34
5/1/1995,70.90,76.51,78.10,82.91,71.85,70.25,83.63,79.82,75.70,73.57,67.36,65.83,72.54
6/1/1995,71.05,76.49,78.11,82.90,71.95,70.43,83.78,79.99,75.84,73.76,67.53,65.94,72.72
7/1/1995,71.33,76.59,78.15,82.82,72.07,70.57,83.87,80.05,76.12,73.88,67.76,66.08,72.84
8/1/1995,71.70,76.62,78.41,82.91,72.14,70.77,84.17,80.30,76.31,74.14,67.90,66.27,73.03
9/1/1995,72.05,76.86,78.50,83.09,72.32,71.06,84.41,80.60,76.45,74.39,68.15,66.58,73.28
10/1/1995,72.25,76.99,78.65,83.18,72.44,71.23,84.54,80.73,76.61,74.63,68.35,66.72,73.47
11/1/1995,72.60,77.11,78.74,83.30,72.61,71.46,84.66,80.92,76.65,74.80,68.54,66.90,73.61
12/1/1995,72.96,77.34,78.81,83.42,72.79,71.72,84.87,81.09,76.81,75.01,68.78,67.11,73.82
1/1/1996,73.27,77.42,78.63,83.45,72.75,71.87,85.01,81.22,76.85,75.18,68.96,67.40,73.92
2/1/1996,73.59,77.61,78.91,83.76,73.07,72.15,85.14,81.31,76.99,75.34,69.13,67.57,74.20
3/1/1996,73.78,77.74,79.12,83.87,73.25,72.40,85.18,81.43,77.07,75.45,69.34,67.82,74.41
4/1/1996,74.10,77.87,79.44,84.07,73.44,72.53,85.28,81.53,77.21,75.63,69.63,68.08,74.56
5/1/1996,74.45,78.06,79.77,84.28,73.72,72.81,85.49,81.69,77.40,75.80,69.85,68.38,74.81
6/1/1996,74.81,78.22,80.18,84.54,73.99,73.04,85.71,81.93,77.66,76.02,70.09,68.66,75.14
7/1/1996,75.10,78.46,80.46,84.81,74.20,73.36,85.87,82.08,77.96,76.14,70.40,69.03,75.32
8/1/1996,75.47,78.74,80.63,84.96,74.39,73.42,86.14,82.26,78.19,76.40,70.65,69.35,75.64
9/1/1996,75.67,78.91,80.91,85.11,74.60,73.60,86.44,82.40,78.49,76.61,70.83,69.57,75.82
10/1/1996,75.86,78.93,81.08,85.13,74.84,73.81,86.68,82.46,78.65,76.79,71.17,69.87,76.05
11/1/1996,76.06,78.93,81.17,85.21,75.03,73.94,86.87,82.60,78.97,77.00,71.38,70.10,76.23
12/1/1996,76.21,78.92,81.35,85.21,75.21,74.09,87.03,82.66,79.07,77.20,71.55,70.29,76.43
1/1/1997,76.41,78.94,81.56,85.36,75.43,74.29,87.17,82.82,79.36,77.42,71.85,70.60,76.70
2/1/1997,76.77,79.10,81.76,85.64,75.68,74.50,87.43,83.10,79.52,77.76,72.11,70.94,76.97
3/1/1997,76.98,79.17,81.95,85.94,75.98,74.73,87.81,83.44,79.83,78.09,72.38,71.29,77.22
4/1/1997,77.34,79.45,82.16,86.33,76.33,75.01,88.07,83.73,80.02,78.36,72.73,71.65,77.52
5/1/1997,77.59,79.60,82.48,86.66,76.62,75.23,88.39,84.00,80.39,78.68,73.02,71.97,77.83
6/1/1997,77.99,79.76,82.63,86.92,76.95,75.47,88.59,84.18,80.58,78.97,73.30,72.30,78.05
7/1/1997,78.20,79.94,82.86,87.20,77.21,75.70,88.71,84.37,80.94,79.21,73.64,72.61,78.33
8/1/1997,78.57,80.20,83.14,87.38,77.48,75.93,88.85,84.49,81.31,79.38,73.90,72.88,78.50
9/1/1997,78.96,80.55,83.53,87.60,77.87,76.28,89.00,84.68,81.55,79.66,74.22,73.14,78.78
10/1/1997,79.33,80.82,83.74,87.65,78.19,76.50,89.15,84.98,81.88,79.92,74.54,73.45,79.14
11/1/1997,79.71,80.98,84.11,87.86,78.55,76.75,89.28,85.19,82.06,80.13,74.84,73.65,79.40
12/1/1997,79.92,81.27,84.27,88.04,78.82,77.07,89.54,85.38,82.39,80.30,75.07,73.88,79.67
1/1/1998,80.29,81.51,84.54,88.36,79.04,77.33,89.93,85.59,82.72,80.45,75.40,74.17,79.98
2/1/1998,80.67,81.84,84.70,88.64,79.34,77.53,90.22,85.84,82.87,80.62,75.67,74.35,80.21
3/1/1998,80.91,82.14,84.97,88.80,79.55,77.82,90.47,86.06,83.17,80.76,75.91,74.55,80.42
4/1/1998,81.26,82.39,85.13,88.95,79.79,78.02,90.74,86.28,83.47,80.86,76.13,74.74,80.81
5/1/1998,81.51,82.76,85.34,89.12,80.06,78.28,90.97,86.49,83.68,81.06,76.39,75.08,81.04
6/1/1998,81.89,83.07,85.55,89.27,80.29,78.51,91.13,86.72,83.82,81.21,76.59,75.26,81.29
7/1/1998,82.10,83.20,85.54,89.11,80.40,78.71,90.47,86.89,83.87,81.31,76.78,75.36,81.50
8/1/1998,82.28,83.38,85.74,89.35,80.65,78.86,91.08,87.08,83.94,81.50,77.03,75.57,81.77
9/1/1998,82.51,83.52,85.90,89.49,80.92,79.11,91.21,87.33,83.97,81.77,77.32,75.76,81.98
10/1/1998,82.74,83.83,86.10,89.62,81.13,79.38,91.30,87.55,84.18,82.05,77.56,76.03,82.25
11/1/1998,83.00,84.00,86.39,89.81,81.43,79.65,91.61,87.86,84.41,82.42,77.87,76.34,82.53
12/1/1998,83.25,84.15,86.60,90.10,81.76,79.88,91.91,88.20,84.77,82.76,78.15,76.64,82.82
1/1/1999,83.50,84.52,86.87,90.15,81.95,80.02,92.02,88.32,84.98,83.03,78.32,76.92,83.07
2/1/1999,83.74,84.66,87.05,90.40,82.27,80.28,92.30,88.65,85.30,83.37,78.52,77.22,83.33
3/1/1999,83.95,84.77,87.19,90.53,82.41,80.51,92.45,88.76,85.50,83.52,78.75,77.42,83.62
4/1/1999,84.20,84.91,87.32,90.71,82.62,80.74,92.66,88.95,85.63,83.79,78.89,77.74,83.85
5/1/1999,84.36,85.02,87.43,90.72,82.77,80.93,92.74,89.04,85.64,83.89,79.09,78.04,84.15
6/1/1999,84.54,85.12,87.56,90.85,82.91,81.17,92.86,89.15,85.68,84.08,79.29,78.21,84.36
7/1/1999,84.74,85.30,87.70,91.05,83.15,81.35,92.99,89.36,85.93,84.32,79.48,78.56,84.64
8/1/1999,84.92,85.61,87.87,91.19,83.31,81.48,93.09,89.54,86.13,84.51,79.69,78.78,84.88
9/1/1999,85.16,85.74,88.09,91.47,83.47,81.73,93.31,89.79,86.31,84.75,79.92,79.12,85.12
10/1/1999,85.39,86.28,88.35,91.67,83.85,82.08,93.50,90.07,86.56,85.01,80.15,79.40,85.44
11/1/1999,85.78,86.62,88.63,91.86,84.10,82.30,93.79,90.31,86.81,85.28,80.40,79.73,85.70
12/1/1999,86.03,86.99,89.00,92.24,84.38,82.59,94.13,90.59,87.08,85.48,80.68,79.98,86.03
1/1/2000,86.48,87.32,89.37,92.44,84.65,82.78,94.38,90.75,87.11,85.75,81.00,80.20,86.24
2/1/2000,86.91,87.63,89.69,92.64,84.90,82.97,94.58,90.93,87.38,85.98,81.24,80.41,86.44
3/1/2000,87.40,87.87,89.98,92.85,85.22,83.28,94.67,91.09,87.61,86.21,81.57,80.66,86.87
4/1/2000,87.65,88.05,90.18,92.97,85.38,83.37,94.73,91.18,87.80,86.41,81.83,80.85,87.21
5/1/2000,88.07,88.20,90.22,93.09,85.61,83.59,94.74,91.27,87.92,86.62,82.10,81.08,87.40
6/1/2000,88.24,88.42,90.34,93.16,85.78,83.70,94.74,91.32,87.91,86.72,82.38,81.27,87.55
7/1/2000,88.66,88.60,90.36,93.25,85.93,83.91,94.72,91.33,88.06,86.87,82.60,81.44,87.76
8/1/2000,88.86,88.67,90.43,93.43,86.12,84.14,94.78,91.38,88.08,87.06,82.84,81.74,87.91
9/1/2000,89.10,88.87,90.56,93.53,86.34,84.31,94.83,91.42,88.06,87.21,83.12,82.07,88.15
10/1/2000,89.34,89.15,90.63,93.74,86.48,84.49,94.79,91.39,88.22,87.38,83.32,82.25,88.27
11/1/2000,89.57,89.44,90.77,93.97,86.67,84.59,94.70,91.39,88.36,87.55,83.54,82.46,88.48
12/1/2000,89.59,89.61,90.89,94.04,86.68,84.73,94.47,91.22,88.54,87.63,83.79,82.65,88.65
1/1/2001,89.58,89.85,90.99,94.22,86.71,84.81,94.19,91.16,88.55,87.74,83.97,82.80,88.70
2/1/2001,89.36,89.97,90.99,94.27,86.64,84.87,93.99,91.15,88.67,87.82,84.13,82.94,88.84
3/1/2001,89.28,89.94,91.00,94.29,86.64,85.02,93.88,91.12,88.69,87.94,84.30,82.97,88.91
4/1/2001,88.99,89.97,91.03,94.19,86.52,85.01,93.84,91.13,88.61,87.96,84.39,82.98,88.90
5/1/2001,88.88,89.93,90.95,94.07,86.50,85.07,93.86,91.17,88.58,88.01,84.49,83.03,89.02
6/1/2001,88.82,89.69,90.89,93.95,86.39,85.14,93.74,91.07,88.55,88.07,84.54,83.04,88.99
7/1/2001,88.51,89.40,90.73,93.67,86.26,85.13,93.61,90.91,88.42,87.96,84.50,82.93,88.99
8/1/2001,88.23,89.13,90.61,93.40,86.05,85.11,93.41,90.81,88.34,87.87,84.55,82.83,88.91
9/1/2001,87.89,88.68,90.44,93.12,85.80,85.03,93.01,90.54,88.26,87.61,84.60,82.57,88.88
10/1/2001,87.56,88.15,90.12,92.71,85.64,84.75,92.56,90.31,88.13,87.37,84.43,82.40,88.74
11/1/2001,87.23,87.91,90.00,92.42,85.46,84.66,92.21,90.12,87.86,87.16,84.44,82.22,88.63
12/1/2001,87.11,87.66,89.71,92.16,85.40,84.66,91.95,90.05,87.73,87.04,84.39,82.10,88.55
1/1/2002,86.87,87.46,89.75,91.99,85.45,84.71,91.86,90.05,87.53,86.91,84.47,82.15,88.58
2/1/2002,86.79,87.38,89.63,91.91,85.57,84.85,91.87,90.11,87.62,86.96,84.49,82.21,88.58
3/1/2002,86.93,87.46,89.69,91.87,85.69,85.08,91.86,90.19,87.69,87.01,84.56,82.40,88.64
4/1/2002,86.94,87.57,89.70,91.93,85.92,85.30,91.94,90.30,87.88,87.20,84.70,82.63,88.60
5/1/2002,86.89,87.70,89.93,91.98,86.11,85.57,92.04,90.49,88.08,87.34,84.84,82.74,88.73
6/1/2002,87.05,87.96,90.05,92.19,86.30,85.78,92.26,90.67,88.49,87.53,84.94,82.92,88.81
7/1/2002,87.16,88.22,90.24,92.34,86.52,86.00,92.48,90.81,88.85,87.62,85.04,83.11,88.90
8/1/2002,87.10,88.37,90.37,92.43,86.74,86.22,92.66,90.97,89.19,87.76,85.23,83.41,89.01
9/1/2002,87.19,88.45,90.40,92.50,86.85,86.43,92.74,91.13,89.38,87.85,85.38,83.53,89.04
10/1/2002,87.12,88.56,90.48,92.57,86.94,86.63,92.85,91.19,89.53,87.89,85.47,83.70,89.18
11/1/2002,87.05,88.53,90.43,92.59,87.00,86.76,92.80,91.25,89.48,87.95,85.54,83.91,89.20
12/1/2002,87.13,88.64,90.33,92.48,87.08,86.98,92.78,91.34,89.59,88.02,85.57,83.98,89.20
1/1/2003,87.06,88.62,90.27,92.42,87.05,87.07,92.67,91.32,89.49,87.99,85.70,84.16,89.43
2/1/2003,86.98,88.70,90.24,92.18,87.11,87.19,92.51,91.28,89.59,87.95,85.83,84.31,89.41
3/1/2003,87.06,88.78,90.31,92.09,87.18,87.38,92.35,91.25,89.49,87.84,85.89,84.46,89.39
4/1/2003,87.02,88.76,90.38,92.19,87.24,87.48,92.21,91.20,89.49,87.79,85.93,84.57,89.41
5/1/2003,87.15,88.86,90.47,92.14,87.36,87.62,92.17,91.17,89.44,87.75,86.06,84.72,89.45
6/1/2003,87.14,88.85,90.57,92.21,87.49,87.78,92.18,91.19,89.39,87.76,86.13,84.92,89.48
7/1/2003,87.30,88.96,90.78,92.43,87.56,88.03,92.12,91.19,89.48,87.81,86.23,85.09,89.63
8/1/2003,87.69,89.12,90.95,92.69,87.84,88.22,92.25,91.38,89.54,88.05,86.48,85.35,89.77
9/1/2003,87.90,89.31,91.25,92.85,88.07,88.57,92.48,91.62,89.83,88.30,86.67,85.71,89.86
10/1/2003,88.29,89.62,91.43,93.13,88.44,88.95,92.85,91.95,90.05,88.62,86.93,86.11,90.08
11/1/2003,88.68,89.80,91.74,93.33,88.71,89.26,93.22,92.22,90.25,88.85,87.14,86.45,90.28
12/1/2003,89.06,90.10,91.95,93.48,88.93,89.53,93.52,92.45,90.58,89.11,87.34,86.83,90.49
1/1/2004,89.47,90.26,92.23,93.65,89.19,89.87,93.81,92.70,90.80,89.34,87.67,87.10,90.66
2/1/2004,89.66,90.45,92.42,93.81,89.39,90.12,93.93,92.88,91.13,89.50,87.87,87.46,90.86
3/1/2004,90.07,90.78,92.60,93.85,89.58,90.41,94.12,93.01,91.39,89.77,88.04,87.75,91.05
4/1/2004,90.49,91.04,92.71,93.95,89.84,90.66,94.18,93.11,91.66,90.01,88.31,88.13,91.35
5/1/2004,90.70,91.43,92.91,94.10,90.08,90.87,94.37,93.25,91.82,90.19,88.44,88.44,91.59
6/1/2004,91.13,91.78,93.10,94.29,90.35,91.15,94.49,93.43,92.16,90.49,88.76,88.83,91.80
7/1/2004,91.36,92.25,93.25,94.32,90.62,91.46,94.62,93.53,92.37,90.69,89.00,89.24,92.02
8/1/2004,91.78,92.59,93.41,94.46,90.89,91.65,94.80,93.74,92.56,90.94,89.18,89.61,92.21
9/1/2004,92.18,92.93,93.73,94.61,91.13,91.82,94.84,93.85,92.90,91.16,89.38,89.96,92.44
10/1/2004,92.41,93.27,93.95,94.79,91.33,92.19,94.94,94.02,93.29,91.38,89.69,90.41,92.68
11/1/2004,92.61,93.60,94.09,94.77,91.52,92.50,95.12,94.17,93.47,91.59,89.91,90.68,92.89
12/1/2004,92.77,93.93,94.40,94.92,91.75,92.80,95.23,94.27,93.84,91.75,90.21,91.03,93.06
1/1/2005,92.92,94.22,94.50,95.09,91.94,93.02,95.30,94.33,93.95,91.90,90.42,91.30,93.29
2/1/2005,93.12,94.37,94.67,95.23,92.17,93.32,95.55,94.54,94.31,92.18,90.74,91.66,93.47
3/1/2005,93.48,94.63,94.88,95.48,92.35,93.62,95.76,94.74,94.51,92.48,91.02,92.05,93.74
4/1/2005,93.70,95.04,95.14,95.77,92.61,94.06,96.05,95.00,95.00,92.76,91.34,92.48,93.98
5/1/2005,93.91,95.18,95.43,96.03,92.90,94.46,96.24,95.25,95.26,93.12,91.78,92.86,94.23
6/1/2005,94.28,95.32,95.68,96.28,93.11,94.82,96.41,95.51,95.61,93.40,91.96,93.22,94.51
7/1/2005,94.52,95.50,95.87,96.58,93.46,95.14,96.75,95.79,95.90,93.74,92.39,93.54,94.78
8/1/2005,94.51,95.48,95.99,96.69,93.74,95.46,96.91,96.02,96.11,93.99,92.55,93.81,95.03
9/1/2005,94.70,95.59,96.11,96.83,93.97,95.08,97.09,95.99,96.39,94.27,92.71,94.19,95.15
10/1/2005,94.89,95.80,96.21,97.06,94.23,95.14,97.25,96.15,96.45,94.50,92.85,94.47,95.36
11/1/2005,95.15,95.96,96.35,97.19,94.57,95.42,97.45,96.43,96.69,94.82,93.28,94.80,95.64
12/1/2005,95.38,96.13,96.58,97.46,94.88,96.02,97.68,96.68,96.97,95.17,93.72,95.21,95.91
1/1/2006,95.83,96.45,96.79,97.75,95.31,96.50,97.92,97.05,97.25,95.59,94.04,95.63,96.22
2/1/2006,96.08,96.73,97.10,98.10,95.66,96.80,98.15,97.31,97.56,95.96,94.43,95.97,96.47
3/1/2006,96.32,96.94,97.31,98.43,96.01,97.13,98.53,97.64,97.96,96.38,94.75,96.35,96.83
4/1/2006,96.54,97.08,97.49,98.58,96.24,97.42,98.67,97.86,98.38,96.59,95.13,96.62,97.09
5/1/2006,96.72,97.22,97.62,98.66,96.38,97.66,98.81,97.99,98.55,96.86,95.41,96.90,97.33
6/1/2006,96.91,97.52,97.64,98.61,96.47,97.92,98.97,98.10,98.76,97.05,95.75,97.15,97.52
7/1/2006,97.09,97.86,97.83,98.66,96.68,98.04,99.01,98.21,98.91,97.22,96.00,97.38,97.70
8/1/2006,97.28,98.05,97.99,98.66,96.92,98.31,99.16,98.40,98.97,97.44,96.39,97.69,97.92
9/1/2006,97.47,98.40,98.31,98.81,97.10,98.58,99.23,98.57,98.96,97.72,96.84,97.96,98.19
10/1/2006,97.71,98.76,98.51,98.90,97.50,98.82,99.28,98.72,98.96,97.92,97.15,98.20,98.35
11/1/2006,97.96,98.99,98.84,99.07,97.82,98.99,99.49,98.93,99.04,98.20,97.50,98.48,98.55
12/1/2006,98.26,99.39,99.19,99.42,98.25,99.31,99.67,99.21,99.33,98.51,97.89,98.80,98.80
1/1/2007,98.72,99.61,99.49,99.65,98.62,99.51,99.73,99.43,99.48,98.80,98.18,99.10,99.01
2/1/2007,98.98,99.72,99.57,99.59,98.95,99.67,99.92,99.64,99.71,99.13,98.57,99.30,99.24
3/1/2007,99.39,99.93,99.77,99.82,99.37,99.80,100.06,99.90,99.94,99.42,98.92,99.60,99.52
4/1/2007,99.63,99.89,99.89,99.94,99.64,99.87,100.09,99.95,100.07,99.63,99.37,99.69,99.67
5/1/2007,99.84,100.06,100.06,99.96,99.90,99.97,100.15,100.08,100.02,99.83,99.59,99.96,99.94
6/1/2007,100.02,100.03,100.14,100.07,100.07,100.06,100.14,100.15,99.99,100.04,99.98,100.11,99.99
7/1/2007,100.19,99.96,100.22,99.99,100.23,100.10,100.05,100.10,100.05,100.16,100.25,100.21,100.10
8/1/2007,100.32,100.09,100.18,100.04,100.33,100.20,99.99,100.11,99.94,100.30,100.53,100.30,100.26
9/1/2007,100.47,100.03,100.11,100.09,100.43,100.17,99.91,100.09,100.00,100.40,100.76,100.34,100.35
10/1/2007,100.65,100.21,100.09,100.17,100.57,100.21,99.84,100.06,100.01,100.55,100.98,100.29,100.53
11/1/2007,100.82,100.19,100.21,100.30,100.86,100.22,100.00,100.19,100.21,100.77,101.32,100.50,100.68
12/1/2007,101.01,100.29,100.27,100.40,101.05,100.25,100.12,100.31,100.59,101.00,101.61,100.62,100.72
1/1/2008,101.21,100.44,100.37,100.68,101.28,100.20,100.28,100.50,100.89,101.28,102.04,100.67,100.85
2/1/2008,101.19,100.41,100.46,100.78,101.45,100.16,100.33,100.59,101.13,101.58,102.36,100.76,100.99
3/1/2008,101.30,100.51,100.38,100.61,101.53,99.97,100.22,100.47,101.11,101.71,102.60,100.65,100.96
4/1/2008,101.04,100.48,100.48,100.48,101.47,99.74,100.05,100.39,100.94,101.83,102.84,100.53,101.04
5/1/2008,100.91,100.35,100.34,100.11,101.33,99.51,99.84,100.13,100.63,101.81,102.92,100.22,100.93
6/1/2008,100.56,100.05,100.17,99.81,101.14,99.21,99.42,99.85,100.23,101.71,103.20,99.90,100.84
7/1/2008,100.22,99.94,99.99,99.38,100.83,98.93,99.06,99.51,100.04,101.68,103.35,99.61,100.77
8/1/2008,99.87,99.66,99.63,99.03,100.66,98.70,98.77,99.27,99.67,101.53,103.48,99.30,100.64
9/1/2008,99.47,99.29,99.36,98.65,100.35,98.31,98.28,98.87,99.41,101.44,103.37,98.82,100.51
10/1/2008,98.85,98.77,98.77,98.17,99.91,97.91,97.65,98.35,98.79,101.20,103.51,98.25,100.20
11/1/2008,98.17,98.24,98.06,97.33,98.99,97.44,96.83,97.69,98.01,100.83,103.48,97.68,99.86
12/1/2008,97.27,97.52,97.29,96.50,98.25,97.01,95.79,96.89,97.04,100.27,103.46,96.92,99.48
1/1/2009,96.49,96.78,96.42,95.42,97.39,96.38,94.38,95.98,95.82,99.60,103.08,96.02,99.00
2/1/2009,95.60,96.04,95.61,94.45,96.66,95.85,93.14,95.23,94.82,98.94,102.93,95.25,98.55
3/1/2009,94.84,95.29,94.89,93.58,95.93,95.31,92.01,94.43,94.08,98.22,102.79,94.67,97.99
4/1/2009,94.38,94.84,94.16,92.77,95.53,94.95,91.12,93.86,93.56,97.62,102.33,94.13,97.52
5/1/2009,94.04,94.62,93.89,92.40,95.38,94.52,90.61,93.61,93.47,97.31,101.87,93.91,97.17
6/1/2009,93.90,94.35,93.59,92.15,95.31,94.24,90.12,93.43,93.51,97.06,101.65,93.62,96.89
7/1/2009,93.80,94.30,93.45,91.87,95.30,94.13,90.08,93.37,93.87,97.04,101.50,93.49,96.72
8/1/2009,93.75,94.18,93.40,91.80,95.36,94.03,90.14,93.39,94.15,97.01,101.58,93.37,96.59
9/1/2009,93.85,94.01,93.36,91.82,95.34,93.96,90.16,93.38,94.25,97.05,101.58,93.30,96.40
10/1/2009,93.79,93.89,93.36,91.66,95.36,93.92,90.24,93.44,94.62,97.07,101.59,93.29,96.28
11/1/2009,93.91,93.84,93.42,91.64,95.39,93.94,90.24,93.49,94.71,97.09,101.71,93.31,96.35
12/1/2009,94.02,93.97,93.37,91.46,95.38,93.98,90.25,93.48,94.98,97.06,101.95,93.32,96.32
1/1/2010,94.16,94.09,93.31,91.56,95.43,94.07,90.39,93.50,95.09,97.05,102.34,93.36,96.41
2/1/2010,94.50,94.23,93.28,91.63,95.56,94.26,90.65,93.68,95.38,97.18,102.50,93.53,96.46
3/1/2010,94.71,94.56,93.48,92.02,95.90,94.52,91.01,93.99,95.81,97.42,102.75,93.75,96.56
4/1/2010,95.13,94.96,93.88,92.52,96.39,94.91,91.60,94.36,96.29,97.75,103.02,94.20,96.76
5/1/2010,95.83,95.21,94.34,93.16,96.87,95.39,92.11,94.82,96.78,98.16,103.49,94.53,97.20
6/1/2010,96.26,95.51,94.81,93.65,97.20,95.68,92.61,95.26,97.21,98.52,103.86,94.87,97.39
7/1/2010,96.66,95.81,95.14,94.03,97.56,95.86,92.98,95.48,97.63,98.69,104.10,95.17,97.51
8/1/2010,96.87,95.90,95.34,94.28,97.72,96.02,93.35,95.69,97.71,98.87,104.31,95.27,97.62
9/1/2010,97.04,96.01,95.46,94.46,97.89,96.13,93.73,95.81,97.87,98.95,104.52,95.47,97.74
10/1/2010,97.44,96.23,95.68,94.79,98.20,96.38,94.16,95.94,98.19,99.11,104.97,95.78,98.01
11/1/2010,97.66,96.53,95.97,95.10,98.44,96.49,94.58,96.08,98.54,99.30,105.14,96.01,98.04
12/1/2010,98.10,96.66,96.15,95.50,98.74,96.78,95.05,96.36,98.96,99.64,105.31,96.29,98.43
1/1/2011,98.58,97.07,96.49,95.96,99.12,97.03,95.54,96.62,99.54,100.00,105.63,96.72,98.61
2/1/2011,99.06,97.41,96.81,96.43,99.55,97.43,95.89,96.95,100.04,100.32,105.92,97.12,98.85
3/1/2011,99.50,97.76,97.12,96.78,99.80,97.79,96.41,97.34,100.49,100.78,106.28,97.47,99.07
4/1/2011,99.78,97.97,97.33,96.97,100.13,98.15,96.51,97.64,100.76,101.19,106.73,97.90,99.32
5/1/2011,100.17,98.07,97.36,97.03,100.28,98.44,96.41,97.76,101.04,101.49,107.00,98.17,99.55
6/1/2011,100.38,98.02,97.39,97.11,100.43,98.68,96.36,97.86,101.26,101.70,107.24,98.35,99.77
7/1/2011,100.82,98.22,97.51,97.33,100.67,99.07,96.45,98.10,101.42,101.95,107.61,98.67,99.97
8/1/2011,101.09,98.18,97.48,97.59,100.87,99.40,96.57,98.34,101.96,102.20,107.91,99.09,100.17
9/1/2011,101.55,98.40,97.70,98.03,101.28,99.89,96.98,98.75,102.68,102.53,108.31,99.54,100.40
10/1/2011,102.01,98.38,97.95,98.46,101.66,100.25,97.29,99.15,103.30,102.81,108.68,100.08,100.72
11/1/2011,102.48,98.54,98.31,98.98,102.07,100.73,97.75,99.62,104.02,103.17,109.06,100.57,101.01
12/1/2011,102.95,98.54,98.61,99.62,102.49,101.12,98.26,100.12,104.64,103.57,109.45,101.13,101.23
1/1/2012,103.47,98.73,98.94,100.18,102.99,101.58,98.79,100.66,105.16,103.95,109.98,101.60,101.57
2/1/2012,103.71,98.91,99.13,100.55,103.29,101.95,99.22,101.03,105.71,104.33,110.32,102.16,101.84
3/1/2012,103.99,98.92,99.36,100.96,103.68,102.36,99.58,101.47,106.06,104.70,110.99,102.49,102.20
4/1/2012,104.17,98.81,99.28,101.15,103.87,102.71,99.72,101.67,106.31,104.95,111.21,102.89,102.41
5/1/2012,104.42,98.98,99.25,101.40,104.08,102.95,99.85,101.91,106.49,105.23,111.63,103.28,102.66
6/1/2012,104.66,99.14,99.35,101.68,104.30,103.30,99.91,102.07,106.73,105.52,112.01,103.73,102.85
7/1/2012,104.92,99.40,99.31,101.69,104.60,103.67,100.17,102.27,106.87,105.79,112.37,104.30,103.08
8/1/2012,105.23,99.79,99.47,101.95,104.93,104.04,100.35,102.53,107.18,106.15,112.77,104.92,103.36
9/1/2012,105.50,100.00,99.74,102.15,105.32,104.43,100.51,102.74,107.69,106.42,113.19,105.40,103.68
10/1/2012,105.81,100.37,99.90,102.34,105.67,104.85,100.67,102.89,107.92,106.78,113.42,106.01,103.88
11/1/2012,106.09,100.62,100.01,102.32,105.94,105.16,100.85,103.05,108.33,107.03,113.85,106.47,104.13
12/1/2012,106.37,100.94,100.19,102.36,106.25,105.50,100.92,103.24,108.79,107.32,114.21,106.96,104.31
1/1/2013,106.63,101.31,100.52,102.42,106.53,105.85,101.01,103.41,109.05,107.54,114.45,107.39,104.56
2/1/2013,106.75,101.68,100.90,102.52,106.89,106.14,101.13,103.60,109.53,107.89,114.84,108.02,104.96
3/1/2013,106.99,102.05,101.26,102.70,107.26,106.47,101.36,103.78,109.95,108.19,115.24,108.44,105.25
4/1/2013,107.30,102.43,101.54,102.90,107.58,106.86,101.45,103.95,110.08,108.50,115.54,108.91,105.43
5/1/2013,107.80,102.79,101.90,103.12,107.96,107.30,101.83,104.22,110.64,108.87,115.88,109.36,105.73
6/1/2013,108.11,103.05,102.26,103.29,108.29,107.62,102.06,104.42,110.94,109.16,116.25,109.79,105.98
7/1/2013,108.34,103.43,102.48,103.42,108.67,107.99,102.25,104.62,111.27,109.46,116.63,110.23,106.29
8/1/2013,108.64,103.68,102.89,103.62,109.03,108.39,102.62,104.87,111.63,109.76,116.96,110.69,106.58
9/1/2013,109.18,104.29,103.27,103.97,109.57,108.78,103.06,105.23,112.18,110.19,117.38,111.17,106.81
10/1/2013,109.70,104.72,103.63,104.44,109.92,109.21,103.51,105.63,112.66,110.53,117.78,111.79,107.06
11/1/2013,110.25,105.32,104.01,104.94,110.41,109.60,103.90,105.94,113.00,110.95,118.19,112.31,107.46
12/1/2013,110.80,105.87,104.32,105.44,110.79,110.02,104.35,106.23,113.46,111.28,118.65,112.83,107.71
1/1/2014,111.36,106.26,104.70,106.00,111.12,110.42,104.72,106.51,113.73,111.69,119.02,113.48,108.00
2/1/2014,111.95,106.90,105.02,106.51,111.37,110.79,105.24,106.86,114.27,112.17,119.41,113.98,108.14
3/1/2014,112.51,107.32,105.42,107.04,111.77,111.25,105.71,107.23,114.60,112.60,119.95,114.48,108.45
4/1/2014,113.11,107.98,105.92,107.62,112.14,111.62,106.27,107.73,115.09,113.07,120.46,115.13,108.97
5/1/2014,113.48,108.43,106.34,108.08,112.52,111.99,106.81,108.17,115.64,113.50,120.96,115.59,109.16
6/1/2014,114.08,108.79,106.71,108.50,112.72,112.37,107.27,108.56,116.16,113.97,121.39,116.11,109.58
7/1/2014,114.64,109.19,107.23,108.90,113.03,112.79,107.75,108.98,116.68,114.38,121.73,116.56,109.83
8/1/2014,115.20,109.58,107.59,109.37,113.27,113.21,108.27,109.46,117.19,114.81,122.18,117.09,110.15
9/1/2014,115.59,109.94,107.98,109.79,113.62,113.65,108.73,109.83,117.63,115.19,122.51,117.61,110.54
10/1/2014,116.16,110.34,108.26,110.16,113.97,114.08,109.17,110.27,117.94,115.62,123.08,118.08,110.93
11/1/2014,116.75,110.72,108.66,110.60,114.32,114.55,109.74,110.73,118.43,116.02,123.52,118.64,111.17
12/1/2014,117.61,110.98,108.91,110.95,114.71,114.96,110.26,111.09,118.75,116.39,123.94,119.28,111.62
1/1/2015,117.97,111.36,109.08,111.08,115.03,115.33,110.65,111.46,119.21,116.74,124.40,119.82,111.87
2/1/2015,118.49,111.72,109.24,111.21,115.37,115.72,110.92,111.70,119.46,116.92,124.74,120.33,112.30
3/1/2015,119.08,111.95,109.37,111.31,115.57,116.05,111.28,111.88,119.70,117.04,124.96,120.86,112.57
4/1/2015,119.43,112.34,109.59,111.64,116.02,116.42,111.60,112.27,119.95,117.29,125.08,121.36,112.89
5/1/2015,120.05,112.83,109.86,112.04,116.52,116.83,111.98,112.78,120.18,117.65,125.46,121.90,113.16
6/1/2015,120.64,113.27,110.28,112.37,116.91,117.24,112.25,113.11,120.36,117.99,125.75,122.41,113.55
7/1/2015,121.22,113.74,110.48,112.69,117.43,117.69,112.60,113.56,120.58,118.38,126.07,122.94,113.90
8/1/2015,121.53,114.34,110.92,112.92,117.81,118.12,112.91,113.89,120.84,118.77,126.24,123.61,114.15
9/1/2015,122.11,114.79,111.12,113.19,118.29,118.57,113.17,114.23,121.03,119.07,126.60,124.09,114.46
10/1/2015,122.44,115.08,111.34,113.23,118.74,118.97,113.47,114.60,121.54,119.46,126.87,124.64,114.76
11/1/2015,123.00,115.30,111.73,113.46,119.11,119.36,113.55,114.91,121.55,119.69,127.09,125.02,115.00
12/1/2015,123.58,115.69,111.80,113.45,119.50,119.82,113.68,115.21,121.74,119.96,127.41,125.51,115.36
1/1/2016,123.90,115.88,111.95,113.41,119.78,120.08,113.79,115.40,121.84,120.12,127.66,125.86,115.67
2/1/2016,124.46,116.07,112.13,113.61,120.18,120.49,113.92,115.75,122.02,120.36,127.98,126.38,115.91
3/1/2016,125.02,116.32,112.37,113.78,120.60,120.77,114.03,115.95,122.22,120.50,128.10,126.69,116.17
4/1/2016,125.56,116.50,112.39,113.97,121.01,121.26,114.35,116.16,122.49,120.61,128.44,127.31,116.39
5/1/2016,125.82,116.62,112.51,114.11,121.22,121.55,114.52,116.29,122.64,120.71,128.65,127.66,116.74
6/1/2016,126.36,116.62,112.61,114.18,121.44,121.79,114.76,116.39,122.80,120.90,128.82,127.94,116.97
7/1/2016,126.97,116.87,112.88,114.43,121.84,122.13,115.11,116.64,122.94,121.13,129.21,128.39,117.32
8/1/2016,127.30,116.85,113.02,114.56,122.08,122.39,115.28,116.80,123.19,121.42,129.47,128.75,117.54
9/1/2016,127.64,117.07,113.28,114.64,122.39,122.75,115.52,117.02,123.20,121.78,129.75,129.16,117.81
10/1/2016,127.91,117.24,113.56,114.63,122.62,122.97,115.74,117.25,123.39,121.98,129.98,129.50,118.10
11/1/2016,128.26,117.64,113.72,114.64,123.09,123.41,116.01,117.55,123.67,122.35,130.26,130.05,118.45
12/1/2016,128.60,118.10,114.06,114.79,123.46,123.78,116.42,117.96,124.09,122.80,130.53,130.42,118.72
1/1/2017,129.18,118.56,114.33,115.02,123.83,124.23,116.92,118.31,124.69,123.20,130.89,131.08,118.98
2/1/2017,129.51,119.00,114.75,115.40,124.34,124.77,117.39,118.77,125.23,123.72,131.27,131.67,119.30
3/1/2017,129.85,119.20,114.88,115.71,124.74,125.31,117.87,119.22,125.80,124.24,131.72,132.28,119.65
4/1/2017,130.15,119.40,115.28,115.93,125.15,125.83,118.30,119.60,126.33,124.64,132.08,132.68,119.89
5/1/2017,130.45,119.60,115.44,116.24,125.53,126.35,118.52,119.93,126.60,124.97,132.53,133.22,120.17
6/1/2017,130.75,119.80,115.72,116.46,125.82,126.78,118.64,120.19,126.85,125.25,132.96,133.64,120.51
7/1/2017,131.02,119.78,115.92,116.60,126.04,127.20,118.55,120.45,127.24,125.48,133.37,134.11,120.80
8/1/2017,131.29,119.93,116.10,116.93,126.32,127.58,118.69,120.65,127.48,125.68,133.65,134.47,121.00
9/1/2017,131.57,120.13,116.34,117.15,126.59,127.56,118.93,120.97,127.73,125.99,134.03,134.97,121.31
10/1/2017,131.86,120.32,116.55,117.48,126.83,128.35,119.03,121.17,127.93,126.29,134.36,135.47,121.59
11/1/2017,132.17,120.70,116.79,117.81,127.06,128.65,119.38,121.46,128.43,126.57,134.92,136.02,121.88
12/1/2017,132.77,121.17,117.05,118.14,127.48,129.02,119.80,121.78,128.73,126.99,135.18,136.41,122.20
1/1/2018,133.08,121.36,117.42,118.34,127.86,129.42,120.14,121.93,129.47,127.22,135.52,136.96,122.46
2/1/2018,133.44,121.80,117.79,118.60,128.42,129.76,120.56,122.24,129.83,127.64,136.04,137.55,122.76
3/1/2018,134.04,122.21,118.18,118.83,128.88,130.22,120.98,122.57,130.35,128.04,136.51,137.94,123.13
4/1/2018,134.34,122.64,118.63,119.15,129.38,130.51,121.24,122.84,130.59,128.29,136.92,138.50,123.40
5/1/2018,134.91,123.11,119.05,119.39,129.95,130.92,121.57,123.14,131.22,128.75,137.38,138.92,123.84
6/1/2018,135.22,123.59,119.51,119.64,130.35,131.36,121.84,123.47,131.57,129.04,137.89,139.33,124.02
7/1/2018,135.71,123.96,119.70,119.94,130.62,131.65,121.88,123.64,131.85,129.35,138.13,139.64,124.35
8/1/2018,136.03,124.21,119.95,120.11,130.91,132.11,122.02,123.89,132.09,129.64,138.69,140.00,124.66
9/1/2018,136.29,124.42,120.38,120.35,131.03,132.48,122.01,124.02,132.11,129.77,139.02,140.37,124.95
10/1/2018,136.86,124.51,120.47,120.34,131.38,132.73,122.15,124.16,132.09,130.00,139.41,140.50,125.18
11/1/2018,137.19,124.70,120.66,120.47,131.59,133.06,122.10,124.22,132.12,130.20,139.75,140.77,125.42
12/1/2018,137.53,124.91,120.83,120.60,131.77,133.32,122.13,124.29,132.34,130.37,140.13,141.13,125.61
1/1/2019,138.16,125.17,120.90,120.91,132.33,133.77,122.34,124.57,132.37,130.75,140.68,141.45,125.95
2/1/2019,138.57,125.62,121.09,121.34,132.67,134.26,122.57,124.81,132.57,131.13,141.13,141.81,126.22
3/1/2019,139.29,126.11,121.48,121.75,133.13,134.69,122.92,125.17,133.07,131.55,141.48,142.41,126.51
4/1/2019,139.70,126.36,121.70,122.08,133.60,135.15,123.28,125.55,133.40,131.94,141.91,143.07,126.89
5/1/2019,140.32,126.78,122.10,122.46,134.06,135.51,123.60,125.89,133.71,132.36,142.46,143.67,127.10
6/1/2019,140.67,126.97,122.21,122.46,134.53,135.86,123.92,126.12,134.00,132.66,142.85,144.11,127.37
7/1/2019,140.92,126.89,122.34,122.47,134.81,136.23,123.99,126.23,134.16,132.89,143.22,144.49,127.59
8/1/2019,141.21,127.03,122.36,122.40,135.08,136.58,124.27,126.34,134.41,133.02,143.60,144.90,127.83
9/1/2019,141.69,126.92,122.45,122.38,135.42,136.84,124.37,126.42,134.41,133.18,143.87,145.30,128.21
10/1/2019,141.96,127.03,122.39,122.47,135.58,137.20,124.54,126.59,134.67,133.42,144.24,145.68,128.43
11/1/2019,142.23,127.23,122.53,122.64,135.88,137.54,124.92,126.75,134.92,133.66,144.59,145.99,128.69
12/1/2019,142.52,127.15,122.48,122.58,135.94,137.89,125.22,126.94,135.23,133.86,145.00,146.22,128.93
1/1/2020,143.06,127.34,122.65,122.75,136.18,138.20,125.30,127.14,135.24,134.04,145.15,146.46,129.33
2/1/2020,143.32,127.28,122.38,122.49,136.22,138.45,125.32,127.20,135.25,134.08,145.61,146.61,129.71
3/1/2020,143.41,126.95,121.57,122.05,135.95,137.26,124.21,126.85,135.07,133.79,144.40,144.08,128.82
4/1/2020,101.12,98.10,94.43,93.77,116.51,116.29,91.53,104.78,111.44,115.54,134.15,116.05,114.78
5/1/2020,104.41,95.67,98.21,100.66,119.27,117.86,97.02,109.66,108.30,117.79,135.38,118.74,116.65
6/1/2020,108.35,101.84,100.22,105.99,122.46,123.01,103.43,115.31,115.24,120.79,136.02,123.65,118.56
7/1/2020,113.47,104.79,103.04,108.15,124.24,124.12,106.85,116.61,118.48,124.64,136.19,125.84,118.85
8/1/2020,119.32,108.83,105.90,111.47,126.86,128.12,111.21,119.26,122.34,126.23,137.66,129.41,120.33
9/1/2020,121.50,113.07,109.46,113.42,128.47,130.15,113.48,120.60,124.83,127.42,138.57,133.30,121.07
10/1/2020,125.53,115.38,111.86,115.33,130.11,132.01,115.83,122.25,127.62,128.80,139.67,135.82,122.06
11/1/2020,127.42,115.99,112.67,116.42,131.09,133.40,116.73,123.03,129.23,129.47,140.36,136.96,122.50
12/1/2020,128.34,116.44,113.03,117.05,131.70,134.26,117.18,123.71,130.27,129.87,141.09,137.38,122.67
1/1/2021,130.58,117.03,113.68,117.99,132.66,135.40,118.40,124.44,131.92,130.74,141.77,138.51,123.34
2/1/2021,132.01,117.65,114.44,118.50,133.30,136.26,119.08,124.84,133.05,131.29,142.08,139.69,123.90
3/1/2021,133.23,118.58,115.31,119.22,134.01,137.18,119.72,125.48,134.14,132.09,143.06,140.60,124.44
4/1/2021,133.90,119.24,116.06,119.69,134.69,137.81,120.13,125.85,134.88,132.56,143.56,141.69,124.84
5/1/2021,135.73,120.33,116.81,120.35,135.42,138.66,120.66,126.46,135.63,133.23,144.70,142.94,125.50
6/1/2021,136.20,120.57,117.45,120.91,135.98,139.43,121.00,127.04,136.16,133.89,145.44,143.74,126.07
7/1/2021,137.59,121.76,118.34,121.69,136.91,140.40,121.75,127.75,136.97,134.74,146.33,145.23,126.95
8/1/2021,138.96,122.71,119.16,122.39,137.59,141.11,122.45,128.35,137.64,135.49,147.14,146.56,127.64
9/1/2021,140.61,124.25,120.16,122.96,138.46,141.90,123.38,128.86,138.35,136.36,147.99,148.00,128.44
10/1/2021,141.83,125.46,121.25,123.87,139.47,142.90,124.33,129.67,139.47,137.29,149.05,149.42,129.17
11/1/2021,143.55,126.52,122.30,124.64,140.39,143.61,125.33,130.33,140.59,138.13,149.91,150.71,129.88
12/1/2021,145.04,127.31,123.18,125.23,141.29,144.22,126.06,130.94,141.60,138.85,150.58,151.84,130.62
1/1/2022,145.38,128.23,123.80,125.71,141.83,144.83,126.59,131.53,142.51,139.48,151.56,152.85,131.00
2/1/2022,146.34,129.68,124.73,126.28,142.72,145.62,127.33,132.24,143.59,140.35,152.27,154.33,131.82
3/1/2022,147.49,130.79,125.28,126.69,143.36,146.27,127.83,132.82,144.49,140.93,153.14,155.39,132.38
4/1/2022,148.04,131.32,125.88,127.05,143.96,146.92,128.16,133.29,145.10,141.55,153.78,156.41,132.86
5/1/2022,148.41,132.15,126.27,127.20,144.34,147.49,128.36,133.78,145.14,141.91,154.38,157.02,133.22
6/1/2022,148.66,132.47,126.61,127.37,144.45,147.89,128.48,133.95,145.33,142.08,154.89,157.53,133.65
7/1/2022,149.00,133.12,127.01,127.48,144.83,148.50,128.63,134.17,145.16,142.32,155.77,158.08,134.19
8/1/2022,148.67,133.67,127.28,127.47,144.76,148.90,128.53,134.11,145.11,142.45,156.48,158.40,134.51
9/1/2022,149.35,133.54,127.47,127.68,145.22,149.32,128.57,134.18,144.88,142.51,156.94,158.38,135.04
10/1/2022,149.41,133.24,127.45,127.62,145.37,149.56,128.69,134.30,144.90,142.74,157.53,158.53,135.39
11/1/2022,150.03,133.71,127.75,128.00,145.67,149.94,128.89,134.55,145.17,143.10,158.16,158.95,135.87
12/1/2022,150.43,133.97,128.17,128.20,146.12,150.35,129.11,134.76,145.64,143.40,158.57,159.32,136.23
1/1/2023,151.45,133.93,128.42,128.66,146.59,150.88,129.45,135.08,146.15,143.78,159.07,159.66,136.73
2/1/2023,151.26,134.09,128.44,129.02,147.07,151.31,129.76,135.43,146.32,144.11,159.32,159.77,136.96
3/1/2023,152.25,134.50,129.09,129.59,147.60,151.72,130.24,135.87,147.20,144.51,159.88,160.24,137.35
4/1/2023,153.96,134.88,129.54,130.09,148.23,152.19,130.98,136.31,147.58,144.86,160.49,160.69,137.71
5/1/2023,155.32,135.35,129.95,130.55,148.78,152.53,131.37,136.58,147.63,145.26,160.87,161.19,137.88
6/1/2023,156.38,135.55,130.44,131.22,149.58,152.89,131.70,136.83,147.89,145.70,161.23,161.49,138.24
7/1/2023,157.14,135.72,131.24,131.83,150.24,153.23,131.84,136.93,147.79,145.92,161.69,161.93,138.66
8/1/2023,157.16,135.83,131.39,131.87,150.78,153.56,131.65,136.90,147.78,145.94,162.00,162.26,138.76
